{"count":40,"results":[{"id":1,"name":"Discover 1","description":"Using the \"View Surrounding Documents\" option, find the ID of the document that is 14 documents after the id GDQOB3IBwJHf9VOW-r0Y\r\n\r\n\r\nFlag format:\r\nflag{id}\r\n\r\n\r\nFurther info:\r\nDiscover is the place to be to search and view the details of your logs that are in Elasticsearch.\r\nThe \"View Surrounding Documents\" allows you to view documents before and after your selected document, this may help provide you with context of what has happened during an incident.","max_attempts":0,"value":10,"category":"Discover","type":"standard","state":"visible","requirements":null},{"id":2,"name":"Discover 2","description":"Using the \"View Surrounding Documents\" option, find the ip of the document that is 16 documents before the id vDQOB3IBwJHf9VOW-Lyd\r\n\r\n\r\nFlag format:\r\nflag{1.1.1.1}\r\n\r\n\r\nFurther info:\r\nThe \"View Surrounding Documents\" allows you to view documents before and after your selected document, this may help provide you with context of what has happened during an incident.","max_attempts":0,"value":10,"category":"Discover","type":"standard","state":"visible","requirements":{"prerequisites":[]}},{"id":3,"name":"Discover 3","description":"How many requests have come from the ip address 2.49.53.218 between the 6th of May and the 13th of May?\r\n\r\n\r\nFlag Format:\r\nflag{number}","max_attempts":0,"value":10,"category":"Discover","type":"standard","state":"visible","requirements":null},{"id":4,"name":"Discover 4","description":"What percentage of logs are from a windows 8 machines on the 11th of May?\r\n\r\n\r\nFlag format (not rounded):\r\nflag{number%}","max_attempts":0,"value":10,"category":"Discover","type":"standard","state":"visible","requirements":null},{"id":5,"name":"Discover 5","description":"How many 503 errors were there on the 8th of May?\r\n\r\n\r\nFlag format:\r\nflag{number}","max_attempts":0,"value":10,"category":"Discover","type":"standard","state":"visible","requirements":null},{"id":6,"name":"Discover 6","description":"How many connections to the host \"www.elastic.co\" were made on the 12th of May?\r\n\r\n\r\nFlag format:\r\nflag{number}\r\n","max_attempts":0,"value":10,"category":"Discover","type":"standard","state":"visible","requirements":null},{"id":7,"name":"Discover 7","description":"What is the most common extension of files being accessed on 12th of May?\r\n\r\n\r\nFlag format:\r\nflag{.extension}","max_attempts":0,"value":10,"category":"Discover","type":"standard","state":"visible","requirements":null},{"id":9,"name":"Discover 8","description":"Find the first IP address to connect to the host elastic-elastic-elastic.org on the 12th of May.\r\n\r\n\r\nFlag format:\r\nflag{1.1.1.1}","max_attempts":0,"value":10,"category":"Discover","type":"standard","state":"visible","requirements":null},{"id":10,"name":"Dashboard 1","description":"Using the Login Dashboard ECS Dashboard, what was the username used that failed to login on the 12th of May at 12:01pm?\r\n\r\n\r\nFlag format:\r\nflag{username}","max_attempts":0,"value":10,"category":"Dashboard","type":"standard","state":"visible","requirements":null},{"id":11,"name":"Dashboard 2","description":"Using the Login Dashboard ECS Dashboard, what's the host machine's hostname?\r\n\r\n\r\nFlag format:\r\nflag{hostname}\r\n\r\n\r\nFurther Info\r\nDashboard is used to create/view displays of data in way that's easier on the eyes.","max_attempts":0,"value":10,"category":"Dashboard","type":"standard","state":"visible","requirements":null},{"id":12,"name":"Dashboard 3","description":"Using the Web Traffic Dashboard, how many unique visitors were there on the 12th of May?\r\n\r\n\r\nFlag format:\r\nflag{numberofvisitors}","max_attempts":0,"value":10,"category":"Dashboard","type":"standard","state":"visible","requirements":null},{"id":13,"name":"Dashboard 4","description":"Using the Web Traffic Dashboard, on the 11th of May, between the USA and Japan, what OS was the least popular in the sample logs?\r\n\r\n\r\nFlag format:\r\nflag{os}","max_attempts":0,"value":10,"category":"Dashboard","type":"standard","state":"visible","requirements":null},{"id":14,"name":"Stack Monitoring 1","description":"Using current data, what version of the stack is running?\r\n\r\n\r\nFlag format:\r\nflag{version}\r\n\r\nFurther Info\r\nStack Monitoring is the place to monitor the health of your elastic stack.","max_attempts":0,"value":10,"category":"Stack Monitoring","type":"standard","state":"visible","requirements":null},{"id":15,"name":"Stack Monitoring 2","description":"Using current data, what is the name of the elasticsearch node?\r\n\r\n\r\nFlag format:\r\nflag{nodename}","max_attempts":0,"value":10,"category":"Stack Monitoring","type":"standard","state":"visible","requirements":null},{"id":16,"name":"Stack Monitoring 3","description":"Using current data, find the main pipeline TCP ID\r\n\r\n\r\nFlag format:\r\nflag{ID}\r\n\r\n\r\nFurther Info\r\nPipelines are the way Logstash sorts and manipulates data. \r\nhttps://www.elastic.co/guide/en/logstash/current/pipeline.html","max_attempts":0,"value":10,"category":"Stack Monitoring","type":"standard","state":"visible","requirements":null},{"id":17,"name":"Misc 1","description":"What is the name of the beat used to collect windows logs?\r\n\r\n\r\nFlag format:\r\nflag{beatname}","max_attempts":0,"value":10,"category":"Misc","type":"standard","state":"visible","requirements":null},{"id":18,"name":"Misc 2","description":"What is the name of the beat that sends network data?\r\n\r\n\r\nFlag format:\r\nflag{beatname}","max_attempts":0,"value":10,"category":"Misc","type":"standard","state":"visible","requirements":null},{"id":19,"name":"Misc 3","description":"What are the three core programs in an ELK stack?\r\n\r\n\r\nFlag format:\r\nflag{program 1 (e),program 2 (l),program 3 (k)}","max_attempts":0,"value":10,"category":"Misc","type":"standard","state":"visible","requirements":null},{"id":20,"name":"Management 1","description":"What is the rollover alias of the audit-beat indices settings?\r\n\r\n\r\nFlag format:\r\nflag{rolloveralias}\r\n\r\n\r\nFurther Info\r\nRolling over is the way Elastic manages data storage when it's too old or too big.\r\nhttps://www.elastic.co/guide/en/elasticsearch/reference/6.8/indices-rollover-index.html","max_attempts":0,"value":10,"category":"Management","type":"standard","state":"hidden","requirements":null},{"id":21,"name":"Management 2","description":"In the life cycle policy, what phase is best for active read-only data?\r\n\r\n\r\nFlag format:\r\nflag{TYPE phase}\r\n\r\n\r\nFurther Info\r\nPhases allow data to be prioritized and stored based on how it is being used.\r\nhttps://www.elastic.co/guide/en/elasticsearch/reference/current/index-rollover.html","max_attempts":0,"value":10,"category":"Management","type":"standard","state":"hidden","requirements":null},{"id":22,"name":"Management 3","description":"How many fields are in the auditbeat-* index pattern?\r\n\r\n\r\nFlag format:\r\nflag{number}\r\n\r\n\r\nFurther Info\r\nIndex patterns are used to tell Kibana what indices in Elasticsearch you want to explore.\r\nhttps://www.elastic.co/guide/en/kibana/6.8/index-patterns.html","max_attempts":0,"value":10,"category":"Management","type":"standard","state":"hidden","requirements":null},{"id":23,"name":"SIEM 1","description":"On the 14th of May, how many failed authentication attempts did the host server receive?\r\n\r\n\r\nFlag format:\r\nflag{number}\r\n","max_attempts":0,"value":10,"category":"SIEM","type":"standard","state":"visible","requirements":null},{"id":24,"name":"SIEM 2","description":"Using \"Uncommon Processes\", how many time was the \"gcc\" process used on the 14th of May?\r\n\r\n\r\nFlag format:\r\nflag{number}\r\n","max_attempts":0,"value":10,"category":"SIEM","type":"standard","state":"visible","requirements":null},{"id":25,"name":"SIEM 3 ","description":"On the 13th and 14th of May, how many bytes in were received by the source IP 159.89.203.214\r\n\r\n\r\nFlag format (not rounded):\r\nflag{numberKB}\r\n","max_attempts":0,"value":10,"category":"SIEM","type":"standard","state":"visible","requirements":null},{"id":26,"name":"Scenario 1","description":"The scenario is outlined in the elasticctf.txt file. Please read before continuing. Take what you've learnt from the other challenges to complete this.\r\n\r\nWhat IP did the bruteforce attack come from?\r\n\r\n\r\nFlag format:\r\nflag{1.1.1.1}","max_attempts":0,"value":10,"category":"Scenario","type":"standard","state":"visible","requirements":null},{"id":27,"name":"Scenario 2","description":"What username did they crack? \r\n\r\nFlag format:\r\nflag{username}","max_attempts":0,"value":10,"category":"Scenario","type":"standard","state":"visible","requirements":null},{"id":29,"name":"Scenario 3","description":"What host was attacked? \r\n\r\nFlag format:\r\nflag{hostname}","max_attempts":0,"value":10,"category":"Scenario","type":"standard","state":"visible","requirements":null},{"id":30,"name":"Scenario 4","description":"How many failed attempts were made on the machine? \r\n\r\nFlag format:\r\nflag{number}","max_attempts":0,"value":10,"category":"Scenario","type":"standard","state":"visible","requirements":null},{"id":31,"name":"Scenario 5","description":"What time was the last failed attempted login?\r\n\r\nFlag format (24-hour):\r\nflag{HH:MM:SS}","max_attempts":0,"value":10,"category":"Scenario","type":"standard","state":"visible","requirements":null},{"id":32,"name":"Scenario 6","description":"What time did the attacker successfully login?\r\n\r\nFlag format (24-hour):\r\nflag{HH:MM:SS}","max_attempts":0,"value":10,"category":"Scenario","type":"standard","state":"visible","requirements":null},{"id":33,"name":"Scenario 7","description":"What is the first command the attacker ran on the box?\r\n\r\nFlag format:\r\nflag{command}","max_attempts":0,"value":10,"category":"Scenario","type":"standard","state":"visible","requirements":null},{"id":34,"name":"Scenario 8","description":"What tool did the attacker use to get the exploit onto the machine? \r\n\r\nFlag format:\r\nflag{tool}","max_attempts":0,"value":10,"category":"Scenario","type":"standard","state":"visible","requirements":null},{"id":35,"name":"Scenario 9","description":"Shortly after getting the exploit on the machine, the attacker used vim to create a file, what is the name of that file?\r\n\r\nFlag format:\r\nflag{filename}","max_attempts":0,"value":10,"category":"Scenario","type":"standard","state":"visible","requirements":null},{"id":36,"name":"Scenario 10","description":"What is the filename of the exploit that was run?\r\n\r\nFlag format:\r\nflag{filename}","max_attempts":0,"value":10,"category":"Scenario","type":"standard","state":"visible","requirements":null},{"id":37,"name":"Scenario 11","description":"What is the ID of the log that shows the exploit being run?\r\n\r\nFlag format:\r\nflag{ID}","max_attempts":0,"value":10,"category":"Scenario","type":"standard","state":"visible","requirements":null},{"id":38,"name":"Scenario 12","description":"What parameter turned the script from testing to exploiting?\r\n\r\nFlag format:\r\nflag{--parameter}","max_attempts":0,"value":10,"category":"Scenario","type":"standard","state":"visible","requirements":null},{"id":39,"name":"Scenario 13","description":"Using filebeat data - What IP was the shell sent to? \r\n\r\nFlag format:\r\nflag{1.1.1.1}","max_attempts":0,"value":10,"category":"Scenario","type":"standard","state":"visible","requirements":null},{"id":40,"name":"Scenario 14","description":"Using filebeat data - After running the exploit, they accessed the /etc/passwd file, what is the ID of the doc that shows this? \r\n\r\nFlag format:\r\nflag{ID}","max_attempts":0,"value":10,"category":"Scenario","type":"standard","state":"visible","requirements":null},{"id":41,"name":"Scenario 15","description":"Using filebeat data - We think they created a new user, what was the name of that user?\r\n\r\nFlag format:\r\nflag{username}","max_attempts":0,"value":10,"category":"Scenario","type":"standard","state":"visible","requirements":null},{"id":42,"name":"START HERE","description":"Here are the credentials for the Kibana instance.\r\n\r\nhttp://elasticctf.0ldmate.com:5601/login?next=%2F\r\n\r\nUsername: CTFUser\r\n\r\nPassword: SecTalksNinjaNight9!\r\n\r\nflag: flag{CTFUser}","max_attempts":0,"value":1,"category":"START HERE","type":"standard","state":"visible","requirements":null}],"meta":{}}