{"count":45,"results":[{"id":1,"challenge_id":1,"type":"static","content":"flag{-zQOB3IBwJHf9VOW-Lyd}","data":"case_insensitive"},{"id":2,"challenge_id":2,"type":"static","content":"flag{144.10.243.119}","data":"case_insensitive"},{"id":3,"challenge_id":3,"type":"static","content":"flag{7}","data":"case_insensitive"},{"id":4,"challenge_id":4,"type":"static","content":"flag{22.1%}","data":"case_insensitive"},{"id":5,"challenge_id":5,"type":"static","content":"flag{5}","data":"case_insensitive"},{"id":6,"challenge_id":6,"type":"static","content":"flag{91}","data":"case_insensitive"},{"id":7,"challenge_id":7,"type":"static","content":"flag{.gz}","data":"case_insensitive"},{"id":8,"challenge_id":9,"type":"static","content":"flag{143.83.40.13}","data":"case_insensitive"},{"id":9,"challenge_id":10,"type":"static","content":"flag{ts3server}","data":"case_insensitive"},{"id":10,"challenge_id":11,"type":"static","content":"flag{ubuntu-s-2vcpu-4gb-sgp1-01}","data":"case_insensitive"},{"id":11,"challenge_id":12,"type":"static","content":"flag{221}","data":"case_insensitive"},{"id":12,"challenge_id":13,"type":"static","content":"flag{osx}","data":"case_insensitive"},{"id":13,"challenge_id":14,"type":"static","content":"flag{7.6.2}","data":"case_insensitive"},{"id":14,"challenge_id":15,"type":"static","content":"flag{97205ce5b03f}","data":"case_insensitive"},{"id":15,"challenge_id":16,"type":"static","content":"flag{mySpecialId}","data":"case_insensitive"},{"id":16,"challenge_id":17,"type":"static","content":"flag{winlogbeat}","data":"case_insensitive"},{"id":17,"challenge_id":18,"type":"static","content":"flag{packetbeat}","data":"case_insensitive"},{"id":18,"challenge_id":19,"type":"static","content":"flag{elasticsearch,logstash,kibana}","data":"case_insensitive"},{"id":19,"challenge_id":20,"type":"static","content":"flag{auditbeat-7.6.2}","data":"case_insensitive"},{"id":20,"challenge_id":21,"type":"static","content":"flag{warm phase}","data":"case_insensitive"},{"id":21,"challenge_id":22,"type":"static","content":"flag{909}","data":"case_insensitive"},{"id":22,"challenge_id":15,"type":"static","content":"flag{05bb952d2df6}","data":"case_insensitive"},{"id":23,"challenge_id":23,"type":"static","content":"flag{629}","data":"case_insensitive"},{"id":24,"challenge_id":24,"type":"static","content":"flag{13}","data":"case_insensitive"},{"id":25,"challenge_id":25,"type":"static","content":"flag{495.3KB}","data":"case_insensitive"},{"id":26,"challenge_id":26,"type":"static","content":"flag{134.122.125.130}","data":"case_insensitive"},{"id":27,"challenge_id":27,"type":"static","content":"flag{johnny}","data":""},{"id":28,"challenge_id":29,"type":"static","content":"flag{sshbox}","data":"case_insensitive"},{"id":29,"challenge_id":30,"type":"static","content":"flag{611}","data":"case_insensitive"},{"id":30,"challenge_id":31,"type":"static","content":"flag{21:39:31}","data":"case_insensitive"},{"id":31,"challenge_id":32,"type":"static","content":"flag{21:50:13}","data":"case_insensitive"},{"id":32,"challenge_id":33,"type":"static","content":"flag{whoami}","data":"case_insensitive"},{"id":33,"challenge_id":34,"type":"static","content":"flag{git}","data":"case_insensitive"},{"id":34,"challenge_id":35,"type":"static","content":"flag{ElasticCTFisFun!}","data":"case_insensitive"},{"id":35,"challenge_id":36,"type":"static","content":"flag{CVE-2019-7609-kibana-rce.py}","data":"case_insensitive"},{"id":36,"challenge_id":37,"type":"static","content":"flag{tSHdS3IBCEolQs9lI0Hb}","data":"case_insensitive"},{"id":37,"challenge_id":38,"type":"static","content":"flag{--shell}","data":"case_insensitive"},{"id":38,"challenge_id":39,"type":"static","content":"flag{10.116.0.2}","data":"case_insensitive"},{"id":39,"challenge_id":40,"type":"static","content":"flag{mSPtS3IBCEolQs9l-ekW}","data":"case_insensitive"},{"id":40,"challenge_id":41,"type":"static","content":"flag{Thanks4Playing}","data":"case_insensitive"},{"id":41,"challenge_id":30,"type":"static","content":"flag{608}","data":"case_insensitive"},{"id":42,"challenge_id":30,"type":"static","content":"flag{609}","data":"case_insensitive"},{"id":43,"challenge_id":15,"type":"static","content":"flag{e0fa7d7cb30c}","data":"case_insensitive"},{"id":44,"challenge_id":42,"type":"static","content":"flag{CTFUser}","data":"case_insensitive"},{"id":45,"challenge_id":40,"type":"static","content":"flag{DSPtS3IBCEolQs9l8-kf}","data":""}],"meta":{}}