{"count":6,"results":[{"id":5,"type":"standard","challenge_id":22,"content":"Kibana","cost":0,"requirements":null},{"id":6,"type":"standard","challenge_id":33,"content":"Discover: filebeat (all commands run on the machine were logged using filebeat)","cost":0,"requirements":null},{"id":7,"type":"standard","challenge_id":33,"content":"event action: execve","cost":0,"requirements":null},{"id":8,"type":"standard","challenge_id":33,"content":"auditd.log.a0","cost":0,"requirements":null},{"id":9,"type":"standard","challenge_id":34,"content":"filebeat","cost":0,"requirements":null},{"id":10,"type":"standard","challenge_id":34,"content":"event.action: execve","cost":0,"requirements":null}],"meta":{}}