{"count":1,"results":[{"id":1,"title":"None","route":"index","content":"<div class=\"row\">\r\n    <div class=\"col-md-6 offset-md-3\">\r\n      <img src=\"https://www.elastic.co/static-res/images/elk/elk-stack-elkb-diagram.svg\">\r\n        <h3 class=\"text-center\">\r\n          <p></br>A CTF developed to help people become comfortable with the Elastic Stack.</br></br>PS. The data was input into Elasticsearch between the following dates (unless stated otherwise): </br>\r\nAll challenges other than the scenario: 3rd - 15th of May </br>\r\nThe scenario - 25th of May\r\n </br></br>\r\n  It is recommended to complete all challenges to become familiar with Kibana before attempting the scenario. </br></br>\r\nThe Kibana instance is located \r\n<a href=\"http://elasticctf.0ldmate.com:5601/\">HERE</a>\r\n</a></p>\r\n        </h3>\r\n        <br>\r\n    </div>\r\n</div>","draft":0,"hidden":0,"auth_required":0}],"meta":{}}